case	log	latest_failure	classification
src/pr44468.c	/workspaces/c4c/build/rv64_gcc_c_torture_backend/src_pr44468.c/case.log	semantic lir_to_bir function 'test1' failed in gep local-memory semantic family	pointer_or_formal_provenance_boundary
src/pr48571-1.c	/workspaces/c4c/build/rv64_gcc_c_torture_backend/src_pr48571-1.c/case.log	semantic lir_to_bir function 'bar' failed in gep local-memory semantic family	pointer_or_formal_provenance_boundary
src/pr65956.c	/workspaces/c4c/build/rv64_gcc_c_torture_backend/src_pr65956.c/case.log	semantic lir_to_bir function 'bar' failed in gep local-memory semantic family	pointer_or_formal_provenance_boundary
src/pr80421.c	/workspaces/c4c/build/rv64_gcc_c_torture_backend/src_pr80421.c/case.log	semantic lir_to_bir function 'bar' failed in gep local-memory semantic family	direct_local_object_gep_candidate
src/20000717-4.c	/workspaces/c4c/build/rv64_gcc_c_torture_backend/src_20000717-4.c/case.log	semantic lir_to_bir function 'x' failed in gep local-memory semantic family	global_or_static_object_gep_boundary
src/20001027-1.c	/workspaces/c4c/build/rv64_gcc_c_torture_backend/src_20001027-1.c/case.log	semantic lir_to_bir function 'main' failed in gep local-memory semantic family	pointer_or_formal_provenance_boundary
src/20001203-2.c	/workspaces/c4c/build/rv64_gcc_c_torture_backend/src_20001203-2.c/case.log	semantic lir_to_bir function 'create_array_type' failed in gep local-memory semantic family	aggregate_member_flexible_or_alias_boundary
src/20010116-1.c	/workspaces/c4c/build/rv64_gcc_c_torture_backend/src_20010116-1.c/case.log	semantic lir_to_bir function 'main' failed in gep local-memory semantic family	pointer_or_formal_provenance_boundary
src/20010910-1.c	/workspaces/c4c/build/rv64_gcc_c_torture_backend/src_20010910-1.c/case.log	semantic lir_to_bir function 'epic_init_ring' failed in gep local-memory semantic family	pointer_or_formal_provenance_boundary
src/20011121-1.c	/workspaces/c4c/build/rv64_gcc_c_torture_backend/src_20011121-1.c/case.log	semantic lir_to_bir function 'main' failed in gep local-memory semantic family	runtime_or_string_intrinsic_boundary
src/20021011-1.c	/workspaces/c4c/build/rv64_gcc_c_torture_backend/src_20021011-1.c/case.log	semantic lir_to_bir function 'main' failed in gep local-memory semantic family	runtime_or_string_intrinsic_boundary
src/20030717-1.c	/workspaces/c4c/build/rv64_gcc_c_torture_backend/src_20030717-1.c/case.log	semantic lir_to_bir function 'bar' failed in gep local-memory semantic family	pointer_or_formal_provenance_boundary
src/20030928-1.c	/workspaces/c4c/build/rv64_gcc_c_torture_backend/src_20030928-1.c/case.log	semantic lir_to_bir function 'get_addrs' failed in gep local-memory semantic family	runtime_or_string_intrinsic_boundary
src/20031214-1.c	/workspaces/c4c/build/rv64_gcc_c_torture_backend/src_20031214-1.c/case.log	semantic lir_to_bir function 'main' failed in gep local-memory semantic family	global_or_static_object_gep_boundary
src/20031215-1.c	/workspaces/c4c/build/rv64_gcc_c_torture_backend/src_20031215-1.c/case.log	semantic lir_to_bir function 'test1' failed in gep local-memory semantic family	aggregate_member_flexible_or_alias_boundary
src/20051104-1.c	/workspaces/c4c/build/rv64_gcc_c_torture_backend/src_20051104-1.c/case.log	semantic lir_to_bir function 'main' failed in gep local-memory semantic family	global_or_static_object_gep_boundary
src/20051113-1.c	/workspaces/c4c/build/rv64_gcc_c_torture_backend/src_20051113-1.c/case.log	semantic lir_to_bir function 'Sum' failed in gep local-memory semantic family	aggregate_member_flexible_or_alias_boundary
src/20060412-1.c	/workspaces/c4c/build/rv64_gcc_c_torture_backend/src_20060412-1.c/case.log	semantic lir_to_bir function 'main' failed in gep local-memory semantic family	aggregate_member_flexible_or_alias_boundary
src/20070824-1.c	/workspaces/c4c/build/rv64_gcc_c_torture_backend/src_20070824-1.c/case.log	semantic lir_to_bir function 'main' failed in gep local-memory semantic family	aggregate_member_flexible_or_alias_boundary
src/20071120-1.c	/workspaces/c4c/build/rv64_gcc_c_torture_backend/src_20071120-1.c/case.log	semantic lir_to_bir function 'VEC_deferred_access_base_last' failed in gep local-memory semantic family	aggregate_member_flexible_or_alias_boundary
src/20080424-1.c	/workspaces/c4c/build/rv64_gcc_c_torture_backend/src_20080424-1.c/case.log	semantic lir_to_bir function 'main' failed in gep local-memory semantic family	global_or_static_object_gep_boundary
src/20080604-1.c	/workspaces/c4c/build/rv64_gcc_c_torture_backend/src_20080604-1.c/case.log	semantic lir_to_bir function 'baz' failed in gep local-memory semantic family	pointer_or_formal_provenance_boundary
src/20090113-1.c	/workspaces/c4c/build/rv64_gcc_c_torture_backend/src_20090113-1.c/case.log	semantic lir_to_bir function 'msum_i4' failed in gep local-memory semantic family	pointer_or_formal_provenance_boundary
src/20100430-1.c	/workspaces/c4c/build/rv64_gcc_c_torture_backend/src_20100430-1.c/case.log	semantic lir_to_bir function 'foo' failed in gep local-memory semantic family	aggregate_member_flexible_or_alias_boundary
src/20100708-1.c	/workspaces/c4c/build/rv64_gcc_c_torture_backend/src_20100708-1.c/case.log	semantic lir_to_bir function 'f' failed in gep local-memory semantic family	pointer_or_formal_provenance_boundary
src/20120808-1.c	/workspaces/c4c/build/rv64_gcc_c_torture_backend/src_20120808-1.c/case.log	semantic lir_to_bir function 'main' failed in gep local-memory semantic family	global_or_static_object_gep_boundary
src/20120919-1.c	/workspaces/c4c/build/rv64_gcc_c_torture_backend/src_20120919-1.c/case.log	semantic lir_to_bir function 'main' failed in gep local-memory semantic family	pointer_or_formal_provenance_boundary
src/920922-1.c	/workspaces/c4c/build/rv64_gcc_c_torture_backend/src_920922-1.c/case.log	semantic lir_to_bir function 'main' failed in gep local-memory semantic family	pointer_or_formal_provenance_boundary
src/930614-2.c	/workspaces/c4c/build/rv64_gcc_c_torture_backend/src_930614-2.c/case.log	semantic lir_to_bir function 'main' failed in gep local-memory semantic family	direct_local_object_gep_candidate
src/950426-1.c	/workspaces/c4c/build/rv64_gcc_c_torture_backend/src_950426-1.c/case.log	semantic lir_to_bir function 'main' failed in gep local-memory semantic family	runtime_or_string_intrinsic_boundary
src/990128-1.c	/workspaces/c4c/build/rv64_gcc_c_torture_backend/src_990128-1.c/case.log	semantic lir_to_bir function 'main' failed in gep local-memory semantic family	pointer_or_formal_provenance_boundary
src/builtin-prefetch-4.c	/workspaces/c4c/build/rv64_gcc_c_torture_backend/src_builtin-prefetch-4.c/case.log	semantic lir_to_bir function 'assign_glob_idx' failed in gep local-memory semantic family	runtime_or_string_intrinsic_boundary
src/builtin-prefetch-5.c	/workspaces/c4c/build/rv64_gcc_c_torture_backend/src_builtin-prefetch-5.c/case.log	semantic lir_to_bir function 'glob_idx' failed in gep local-memory semantic family	runtime_or_string_intrinsic_boundary
src/ieee/copysign2.c	/workspaces/c4c/build/rv64_gcc_c_torture_backend/src_ieee_copysign2.c/case.log	semantic lir_to_bir function 'testf' failed in gep local-memory semantic family	global_or_static_object_gep_boundary
src/longlong.c	/workspaces/c4c/build/rv64_gcc_c_torture_backend/src_longlong.c/case.log	semantic lir_to_bir function 'alpha_ep_extbl_i_eq_0' failed in gep local-memory semantic family	pointer_or_formal_provenance_boundary
src/mayalias-2.c	/workspaces/c4c/build/rv64_gcc_c_torture_backend/src_mayalias-2.c/case.log	semantic lir_to_bir function 'f' failed in gep local-memory semantic family	aggregate_member_flexible_or_alias_boundary
src/memcpy-2.c	/workspaces/c4c/build/rv64_gcc_c_torture_backend/src_memcpy-2.c/case.log	semantic lir_to_bir function 'main' failed in gep local-memory semantic family	runtime_or_string_intrinsic_boundary
src/memset-1.c	/workspaces/c4c/build/rv64_gcc_c_torture_backend/src_memset-1.c/case.log	semantic lir_to_bir function 'main' failed in gep local-memory semantic family	runtime_or_string_intrinsic_boundary
src/memset-2.c	/workspaces/c4c/build/rv64_gcc_c_torture_backend/src_memset-2.c/case.log	semantic lir_to_bir function 'reset' failed in gep local-memory semantic family	runtime_or_string_intrinsic_boundary
src/memset-3.c	/workspaces/c4c/build/rv64_gcc_c_torture_backend/src_memset-3.c/case.log	semantic lir_to_bir function 'reset' failed in gep local-memory semantic family	runtime_or_string_intrinsic_boundary
src/pr24851.c	/workspaces/c4c/build/rv64_gcc_c_torture_backend/src_pr24851.c/case.log	semantic lir_to_bir function 'main' failed in gep local-memory semantic family	direct_local_object_gep_candidate
src/pr36038.c	/workspaces/c4c/build/rv64_gcc_c_torture_backend/src_pr36038.c/case.log	semantic lir_to_bir function 'main' failed in gep local-memory semantic family	pointer_or_formal_provenance_boundary
src/pr38048-2.c	/workspaces/c4c/build/rv64_gcc_c_torture_backend/src_pr38048-2.c/case.log	semantic lir_to_bir function 'inv_J' failed in gep local-memory semantic family	pointer_or_formal_provenance_boundary
src/pr38051.c	/workspaces/c4c/build/rv64_gcc_c_torture_backend/src_pr38051.c/case.log	semantic lir_to_bir function 'main' failed in gep local-memory semantic family	pointer_or_formal_provenance_boundary
src/pr39339.c	/workspaces/c4c/build/rv64_gcc_c_torture_backend/src_pr39339.c/case.log	semantic lir_to_bir function 'foo' failed in gep local-memory semantic family	pointer_or_formal_provenance_boundary
src/pr41395-1.c	/workspaces/c4c/build/rv64_gcc_c_torture_backend/src_pr41395-1.c/case.log	semantic lir_to_bir function 'foo' failed in gep local-memory semantic family	aggregate_member_flexible_or_alias_boundary
src/pr49419.c	/workspaces/c4c/build/rv64_gcc_c_torture_backend/src_pr49419.c/case.log	semantic lir_to_bir function 'foo' failed in gep local-memory semantic family	pointer_or_formal_provenance_boundary
src/pr52760.c	/workspaces/c4c/build/rv64_gcc_c_torture_backend/src_pr52760.c/case.log	semantic lir_to_bir function 'foo' failed in gep local-memory semantic family	pointer_or_formal_provenance_boundary
src/pr58209.c	/workspaces/c4c/build/rv64_gcc_c_torture_backend/src_pr58209.c/case.log	semantic lir_to_bir function 'main' failed in gep local-memory semantic family	pointer_or_formal_provenance_boundary
src/pr65401.c	/workspaces/c4c/build/rv64_gcc_c_torture_backend/src_pr65401.c/case.log	semantic lir_to_bir function 'main' failed in gep local-memory semantic family	pointer_or_formal_provenance_boundary
src/pr71083.c	/workspaces/c4c/build/rv64_gcc_c_torture_backend/src_pr71083.c/case.log	semantic lir_to_bir function 'foo' failed in gep local-memory semantic family	pointer_or_formal_provenance_boundary
src/pr80153.c	/workspaces/c4c/build/rv64_gcc_c_torture_backend/src_pr80153.c/case.log	semantic lir_to_bir function 'main' failed in gep local-memory semantic family	runtime_or_string_intrinsic_boundary
src/pr86844.c	/workspaces/c4c/build/rv64_gcc_c_torture_backend/src_pr86844.c/case.log	semantic lir_to_bir function 'main' failed in gep local-memory semantic family	pointer_or_formal_provenance_boundary
src/pr90025.c	/workspaces/c4c/build/rv64_gcc_c_torture_backend/src_pr90025.c/case.log	semantic lir_to_bir function 'bar' failed in gep local-memory semantic family	runtime_or_string_intrinsic_boundary
src/pta-field-1.c	/workspaces/c4c/build/rv64_gcc_c_torture_backend/src_pta-field-1.c/case.log	semantic lir_to_bir function 'bar' failed in gep local-memory semantic family	aggregate_member_flexible_or_alias_boundary
src/pta-field-2.c	/workspaces/c4c/build/rv64_gcc_c_torture_backend/src_pta-field-2.c/case.log	semantic lir_to_bir function 'bar' failed in gep local-memory semantic family	aggregate_member_flexible_or_alias_boundary
src/strcpy-1.c	/workspaces/c4c/build/rv64_gcc_c_torture_backend/src_strcpy-1.c/case.log	semantic lir_to_bir function 'main' failed in gep local-memory semantic family	runtime_or_string_intrinsic_boundary
src/string-opt-17.c	/workspaces/c4c/build/rv64_gcc_c_torture_backend/src_string-opt-17.c/case.log	semantic lir_to_bir function 'test1' failed in gep local-memory semantic family	runtime_or_string_intrinsic_boundary
src/string-opt-5.c	/workspaces/c4c/build/rv64_gcc_c_torture_backend/src_string-opt-5.c/case.log	semantic lir_to_bir function 'main' failed in gep local-memory semantic family	runtime_or_string_intrinsic_boundary
src/strlen-1.c	/workspaces/c4c/build/rv64_gcc_c_torture_backend/src_strlen-1.c/case.log	semantic lir_to_bir function 'main' failed in gep local-memory semantic family	runtime_or_string_intrinsic_boundary
src/strlen-5.c	/workspaces/c4c/build/rv64_gcc_c_torture_backend/src_strlen-5.c/case.log	semantic lir_to_bir function 'test_const_global_arrays' failed in gep local-memory semantic family	runtime_or_string_intrinsic_boundary
src/va-arg-22.c	/workspaces/c4c/build/rv64_gcc_c_torture_backend/src_va-arg-22.c/case.log	semantic lir_to_bir function 'foo' failed in gep local-memory semantic family	variadic_boundary
